﻿USE xslavk01;
SET NAMES 'utf8';

/*VYCISTENIE DATABAZE
odstranenie triggrov a sekvencii*/

/*DROP TRIGGER update_price;
drop trigger cena_add;
drop trigger rezerv_add;
drop trigger id_add;
drop sequence liek_seq;
drop sequence rezerv_seq;
drop PROCEDURE  spln_rezerv;
drop procedure zisky;*/

/*ODSTRANENIE ATRIBUTOV */
DELETE FROM DOPLATOK;
DELETE FROM SKLAD;
DELETE FROM KATALOG_LIEKOV;
DELETE FROM REZERVACIA;
DELETE FROM DODAVATEL;
DELETE FROM BEZPREDPISU;
DELETE FROM NAPREDPIS;
DELETE FROM LIEK;
DELETE FROM POBOCKA;
DELETE FROM POISTOVNA;	

/*ODSTRANENIE TABULIEK*/
DROP TABLE IF EXISTS DOPLATOK;
DROP TABLE IF EXISTS SKLAD;
DROP TABLE IF EXISTS KATALOG_LIEKOV;
DROP TABLE IF EXISTS REZERVACIA;
DROP TABLE IF EXISTS DODAVATEL;
DROP TABLE IF EXISTS BEZPREDPISU;
DROP TABLE IF EXISTS NAPREDPIS;
DROP TABLE IF EXISTS LIEK;
DROP TABLE IF EXISTS POBOCKA;
DROP TABLE IF EXISTS POISTOVNA;
DROP TABLE IF EXISTS NAKUP_NA_PREDPIS;

/*VYTVORENIE TABULIEK*/
CREATE TABLE LIEK (
  ID_LIEK INTEGER PRIMARY KEY AUTO_INCREMENT,
  NAZOV VARCHAR(40),
  VYROBCA VARCHAR(40),
  PREDPIS INTEGER check (PREDPIS=1 or PREDPIS=0),
  LATKY VARCHAR(60)
  );
  
CREATE TABLE NAPREDPIS (
ID_LIEK INTEGER NOT NULL PRIMARY KEY REFERENCES LIEK(ID_LIEK),
CENA INTEGER
);

CREATE TABLE BEZPREDPISU (
ID_LIEK INTEGER NOT NULL PRIMARY KEY REFERENCES LIEK(ID_LIEK),
CENA INTEGER
);

CREATE TABLE POBOCKA (
ID_POBOCKY INTEGER PRIMARY KEY NOT NULL AUTO_INCREMENT,
ULICA VARCHAR(20),
MESTO VARCHAR(20)
);

CREATE TABLE DODAVATEL (
ID_DODAVATEL INTEGER PRIMARY KEY NOT NULL AUTO_INCREMENT,
NAZOV VARCHAR(20)
);

CREATE TABLE SKLAD (
ID_LIEK INTEGER REFERENCES LIEK(ID_LIEK),
ID_POBOCKY INTEGER REFERENCES POBOCKA(ID_POBOCKY),
DOSTUPNE INTEGER,
PREDANE INTEGER,
CONSTRAINT PK_sklad PRIMARY KEY (ID_LIEK,ID_POBOCKY)
);

CREATE TABLE REZERVACIA (
ID_REZERVACIE INTEGER PRIMARY KEY AUTO_INCREMENT,
ID_LIEK INTEGER REFERENCES LIEK(ID_LIEK),
ID_POBOCKY INTEGER REFERENCES POBOCKA(ID_POBOCKY),
MENO VARCHAR(30) CHECK (LENGTH(MENO)>0)
);

CREATE TABLE POISTOVNA (
ID_POISTOVNE INTEGER PRIMARY KEY,
NAZOV VARCHAR(40)
);

CREATE TABLE DOPLATOK (
ID_LIEK INTEGER REFERENCES LIEK(ID_LIEK),
ID_POISTOVNE INTEGER REFERENCES POISTOVNA(ID_POISTOVNE),
VYSKA INTEGER,
CONSTRAINT PK_DOPLATOK PRIMARY KEY (ID_LIEK,ID_POISTOVNE)
);

CREATE TABLE KATALOG_LIEKOV (
ID_LIEK INTEGER REFERENCES LIEK(ID_LIEK) ON DELETE CASCADE,
ID_DODAVATEL INTEGER REFERENCES DODAVATEL(ID_DODAVATEL) ON DELETE CASCADE,
CENA INTEGER,
CONSTRAINT PK_KATALOGU PRIMARY KEY (ID_LIEK,ID_DODAVATEL)
);

CREATE TABLE NAKUP_NA_PREDPIS (
ID_NAKUP INTEGER PRIMARY KEY AUTO_INCREMENT,
ID_POISTOVNE INTEGER REFERENCES POISTOVNA(ID_POISTOVNE),
ID_LIEK INTEGER REFERENCES LIEK(ID_LIEK),
RC_ZAKAZNIKA VARCHAR(15)
);

/* NAPLNENIE TABULIEK*/
INSERT INTO LIEK VALUES (1,'Ibalgin 400','Zentiva a.s.',0,'Ibuprofen');
INSERT INTO LIEK VALUES (2,'Paralen 500','Zentiva a.s.',0,'Paracetamol');
INSERT INTO LIEK VALUES (3,'Zinok 20mg','Walmark',0,'Zinok');
INSERT INTO LIEK VALUES (4,'Candibene','ratiopharm',1,'clotrimazolum');
INSERT INTO LIEK VALUES (5,'Daivonex','ratiopharm',1,'Calcipotriol');
INSERT INTO LIEK VALUES (6,'Gabagamma 400',' Wörwag Pharma Co.KG',1,'gabapentín');
INSERT INTO LIEK VALUES (7,'Abaktal 400 mg','Sandoz Pharmaceuticals d.d.',1,'Pefloxacín');
INSERT INTO LIEK VALUES (8,'Actamone 4 mg','TEVA Pharmaceuticals Slovakia s.r.o.',1,'Montelukast');
INSERT INTO LIEK VALUES (9,'Zovirax 200 mg/5 ml','GlaxoSmithKline Slovakia s.r.o.',1,'Aciklovir');
INSERT INTO LIEK VALUES (10,'ENDIEX','Zentiva, k.s.',0,'Nifuroxazid');
INSERT INTO LIEK VALUES (11,'VIDISIC','Dr. Gerhard Mann',0,'Umelé slzy a iné indiferentné liečivá');

INSERT INTO POISTOVNA VALUES (0,'Bez pojistovny');
INSERT INTO POISTOVNA VALUES (4000,'Union');
INSERT INTO POISTOVNA VALUES (4001,'VZP');
INSERT INTO POISTOVNA VALUES (4002,'Dovera');


INSERT INTO POBOCKA VALUES (1,'Bozetechova 2','Brno');
INSERT INTO POBOCKA VALUES (2,'Klusackova 4','Brno');
INSERT INTO POBOCKA VALUES (3,'Jungmannova 8','Karlovy Vary');
INSERT INTO POBOCKA VALUES (4,'Parizska 47','Praha');
INSERT INTO POBOCKA VALUES (5,'Anenska 1','Praha');
INSERT INTO POBOCKA VALUES (6,'Chodova 66','Olomouc');
INSERT INTO POBOCKA VALUES (7,'Novomestska 18','Uhersky Brod');
INSERT INTO POBOCKA VALUES (8,'Husova 61','Ostrava');


INSERT INTO SKLAD (ID_POBOCKY,ID_LIEK,DOSTUPNE,PREDANE) VALUES(1,1,100,20);
INSERT INTO SKLAD (ID_POBOCKY,ID_LIEK,DOSTUPNE,PREDANE) VALUES (1,2,40,11);
INSERT INTO SKLAD (ID_POBOCKY,ID_LIEK,DOSTUPNE,PREDANE) VALUES (1,3,20,1);
INSERT INTO SKLAD (ID_POBOCKY,ID_LIEK,DOSTUPNE,PREDANE) VALUES (1,4,60,5);
INSERT INTO SKLAD (ID_POBOCKY,ID_LIEK,DOSTUPNE,PREDANE) VALUES (1,5,42,11);
INSERT INTO SKLAD (ID_POBOCKY,ID_LIEK,DOSTUPNE,PREDANE) VALUES (1,6,65,12);
INSERT INTO SKLAD (ID_POBOCKY,ID_LIEK,DOSTUPNE,PREDANE) VALUES (1,7,51,41);
INSERT INTO SKLAD (ID_POBOCKY,ID_LIEK,DOSTUPNE,PREDANE) VALUES (1,8,0,11);
INSERT INTO SKLAD (ID_POBOCKY,ID_LIEK,DOSTUPNE,PREDANE) VALUES (1,9,41,14);
INSERT INTO SKLAD (ID_POBOCKY,ID_LIEK,DOSTUPNE,PREDANE) VALUES (1,10,75,53);
INSERT INTO SKLAD (ID_POBOCKY,ID_LIEK,DOSTUPNE,PREDANE) VALUES (1,11,12,0);

INSERT INTO SKLAD (ID_POBOCKY,ID_LIEK,DOSTUPNE,PREDANE) VALUES (2,1,32,11);
INSERT INTO SKLAD (ID_POBOCKY,ID_LIEK,DOSTUPNE,PREDANE) VALUES (2,2,25,11);
INSERT INTO SKLAD (ID_POBOCKY,ID_LIEK,DOSTUPNE,PREDANE) VALUES (2,3,32,12);
INSERT INTO SKLAD (ID_POBOCKY,ID_LIEK,DOSTUPNE,PREDANE) VALUES (2,4,64,42);
INSERT INTO SKLAD (ID_POBOCKY,ID_LIEK,DOSTUPNE,PREDANE) VALUES (2,5,13,2);
INSERT INTO SKLAD (ID_POBOCKY,ID_LIEK,DOSTUPNE,PREDANE) VALUES (2,6,54,31);
INSERT INTO SKLAD (ID_POBOCKY,ID_LIEK,DOSTUPNE,PREDANE) VALUES (2,7,55,41);
INSERT INTO SKLAD (ID_POBOCKY,ID_LIEK,DOSTUPNE,PREDANE) VALUES (2,8,41,31);
INSERT INTO SKLAD (ID_POBOCKY,ID_LIEK,DOSTUPNE,PREDANE) VALUES (2,9,5,41);
INSERT INTO SKLAD (ID_POBOCKY,ID_LIEK,DOSTUPNE,PREDANE) VALUES (2,10,1,11);
INSERT INTO SKLAD (ID_POBOCKY,ID_LIEK,DOSTUPNE,PREDANE) VALUES (2,11,3,100);

INSERT INTO SKLAD (ID_POBOCKY,ID_LIEK,DOSTUPNE,PREDANE) VALUES (3,1,11,100);
INSERT INTO SKLAD (ID_POBOCKY,ID_LIEK,DOSTUPNE,PREDANE) VALUES (3,2,20,53);
INSERT INTO SKLAD (ID_POBOCKY,ID_LIEK,DOSTUPNE,PREDANE) VALUES (3,3,20,56);
INSERT INTO SKLAD (ID_POBOCKY,ID_LIEK,DOSTUPNE,PREDANE) VALUES (3,4,20,624);
INSERT INTO SKLAD (ID_POBOCKY,ID_LIEK,DOSTUPNE,PREDANE) VALUES (3,5,20,54);
INSERT INTO SKLAD (ID_POBOCKY,ID_LIEK,DOSTUPNE,PREDANE) VALUES (3,6,20,435);
INSERT INTO SKLAD (ID_POBOCKY,ID_LIEK,DOSTUPNE,PREDANE) VALUES (3,7,20,54);
INSERT INTO SKLAD (ID_POBOCKY,ID_LIEK,DOSTUPNE,PREDANE) VALUES (3,8,20,12);
INSERT INTO SKLAD (ID_POBOCKY,ID_LIEK,DOSTUPNE,PREDANE) VALUES (3,9,20,46);
INSERT INTO SKLAD (ID_POBOCKY,ID_LIEK,DOSTUPNE,PREDANE) VALUES (3,10,20,124);
INSERT INTO SKLAD (ID_POBOCKY,ID_LIEK,DOSTUPNE,PREDANE) VALUES (3,11,20,11);

INSERT INTO SKLAD (ID_POBOCKY,ID_LIEK,DOSTUPNE,PREDANE) VALUES (4,1,20,431);
INSERT INTO SKLAD (ID_POBOCKY,ID_LIEK,DOSTUPNE,PREDANE) VALUES (4,2,20,43);
INSERT INTO SKLAD (ID_POBOCKY,ID_LIEK,DOSTUPNE,PREDANE) VALUES (4,3,20,64);
INSERT INTO SKLAD (ID_POBOCKY,ID_LIEK,DOSTUPNE,PREDANE) VALUES (4,4,20,64);
INSERT INTO SKLAD (ID_POBOCKY,ID_LIEK,DOSTUPNE,PREDANE) VALUES (4,5,20,75);
INSERT INTO SKLAD (ID_POBOCKY,ID_LIEK,DOSTUPNE,PREDANE) VALUES (4,6,20,124);
INSERT INTO SKLAD (ID_POBOCKY,ID_LIEK,DOSTUPNE,PREDANE) VALUES (4,7,20,31);
INSERT INTO SKLAD (ID_POBOCKY,ID_LIEK,DOSTUPNE,PREDANE) VALUES (4,8,20,34);
INSERT INTO SKLAD (ID_POBOCKY,ID_LIEK,DOSTUPNE,PREDANE) VALUES (4,9,13,5);
INSERT INTO SKLAD (ID_POBOCKY,ID_LIEK,DOSTUPNE,PREDANE) VALUES (4,10,20,34);
INSERT INTO SKLAD (ID_POBOCKY,ID_LIEK,DOSTUPNE,PREDANE) VALUES (4,11,20,43);

INSERT INTO SKLAD (ID_POBOCKY,ID_LIEK,DOSTUPNE,PREDANE) VALUES (5,1,20,0);
INSERT INTO SKLAD (ID_POBOCKY,ID_LIEK,DOSTUPNE,PREDANE) VALUES (5,2,20,0);
INSERT INTO SKLAD (ID_POBOCKY,ID_LIEK,DOSTUPNE,PREDANE) VALUES (5,3,20,0);
INSERT INTO SKLAD (ID_POBOCKY,ID_LIEK,DOSTUPNE,PREDANE) VALUES (5,4,20,0);
INSERT INTO SKLAD (ID_POBOCKY,ID_LIEK,DOSTUPNE,PREDANE) VALUES (5,5,20,0);
INSERT INTO SKLAD (ID_POBOCKY,ID_LIEK,DOSTUPNE,PREDANE) VALUES (5,6,20,0);
INSERT INTO SKLAD (ID_POBOCKY,ID_LIEK,DOSTUPNE,PREDANE) VALUES (5,7,20,0);
INSERT INTO SKLAD (ID_POBOCKY,ID_LIEK,DOSTUPNE,PREDANE) VALUES (5,8,20,0);
INSERT INTO SKLAD (ID_POBOCKY,ID_LIEK,DOSTUPNE,PREDANE) VALUES (5,9,20,0);
INSERT INTO SKLAD (ID_POBOCKY,ID_LIEK,DOSTUPNE,PREDANE) VALUES (5,10,20,0);
INSERT INTO SKLAD (ID_POBOCKY,ID_LIEK,DOSTUPNE,PREDANE) VALUES (5,11,20,0);

INSERT INTO SKLAD (ID_POBOCKY,ID_LIEK,DOSTUPNE,PREDANE) VALUES (6,1,20,0);
INSERT INTO SKLAD (ID_POBOCKY,ID_LIEK,DOSTUPNE,PREDANE) VALUES (6,2,20,0);
INSERT INTO SKLAD (ID_POBOCKY,ID_LIEK,DOSTUPNE,PREDANE) VALUES (6,3,20,0);
INSERT INTO SKLAD (ID_POBOCKY,ID_LIEK,DOSTUPNE,PREDANE) VALUES (6,4,20,0);
INSERT INTO SKLAD (ID_POBOCKY,ID_LIEK,DOSTUPNE,PREDANE) VALUES (6,5,20,0);
INSERT INTO SKLAD (ID_POBOCKY,ID_LIEK,DOSTUPNE,PREDANE) VALUES (6,6,20,0);
INSERT INTO SKLAD (ID_POBOCKY,ID_LIEK,DOSTUPNE,PREDANE) VALUES (6,7,20,0);
INSERT INTO SKLAD (ID_POBOCKY,ID_LIEK,DOSTUPNE,PREDANE) VALUES (6,8,20,0);
INSERT INTO SKLAD (ID_POBOCKY,ID_LIEK,DOSTUPNE,PREDANE) VALUES (6,9,20,0);
INSERT INTO SKLAD (ID_POBOCKY,ID_LIEK,DOSTUPNE,PREDANE) VALUES (6,10,20,0);
INSERT INTO SKLAD (ID_POBOCKY,ID_LIEK,DOSTUPNE,PREDANE) VALUES (6,11,20,0);

INSERT INTO SKLAD (ID_POBOCKY,ID_LIEK,DOSTUPNE,PREDANE) VALUES (7,1,20,0);
INSERT INTO SKLAD (ID_POBOCKY,ID_LIEK,DOSTUPNE,PREDANE) VALUES (7,2,20,0);
INSERT INTO SKLAD (ID_POBOCKY,ID_LIEK,DOSTUPNE,PREDANE) VALUES (7,3,20,0);
INSERT INTO SKLAD (ID_POBOCKY,ID_LIEK,DOSTUPNE,PREDANE) VALUES (7,4,20,0);
INSERT INTO SKLAD (ID_POBOCKY,ID_LIEK,DOSTUPNE,PREDANE) VALUES (7,5,20,0);
INSERT INTO SKLAD (ID_POBOCKY,ID_LIEK,DOSTUPNE,PREDANE) VALUES (7,6,20,0);
INSERT INTO SKLAD (ID_POBOCKY,ID_LIEK,DOSTUPNE,PREDANE) VALUES (7,7,20,0);
INSERT INTO SKLAD (ID_POBOCKY,ID_LIEK,DOSTUPNE,PREDANE) VALUES (7,8,20,0);
INSERT INTO SKLAD (ID_POBOCKY,ID_LIEK,DOSTUPNE,PREDANE) VALUES (7,9,20,0);
INSERT INTO SKLAD (ID_POBOCKY,ID_LIEK,DOSTUPNE,PREDANE) VALUES (7,10,20,0);
INSERT INTO SKLAD (ID_POBOCKY,ID_LIEK,DOSTUPNE,PREDANE) VALUES (7,11,20,0);

INSERT INTO SKLAD (ID_POBOCKY,ID_LIEK,DOSTUPNE,PREDANE) VALUES (8,1,20,0);
INSERT INTO SKLAD (ID_POBOCKY,ID_LIEK,DOSTUPNE,PREDANE) VALUES (8,2,20,0);
INSERT INTO SKLAD (ID_POBOCKY,ID_LIEK,DOSTUPNE,PREDANE) VALUES (8,3,20,0);
INSERT INTO SKLAD (ID_POBOCKY,ID_LIEK,DOSTUPNE,PREDANE) VALUES (8,4,20,0);
INSERT INTO SKLAD (ID_POBOCKY,ID_LIEK,DOSTUPNE,PREDANE) VALUES (8,5,20,0);
INSERT INTO SKLAD (ID_POBOCKY,ID_LIEK,DOSTUPNE,PREDANE) VALUES (8,6,20,0);
INSERT INTO SKLAD (ID_POBOCKY,ID_LIEK,DOSTUPNE,PREDANE) VALUES (8,7,20,0);
INSERT INTO SKLAD (ID_POBOCKY,ID_LIEK,DOSTUPNE,PREDANE) VALUES (8,8,20,0);
INSERT INTO SKLAD (ID_POBOCKY,ID_LIEK,DOSTUPNE,PREDANE) VALUES (8,9,20,0);
INSERT INTO SKLAD (ID_POBOCKY,ID_LIEK,DOSTUPNE,PREDANE) VALUES (8,10,20,0);
INSERT INTO SKLAD (ID_POBOCKY,ID_LIEK,DOSTUPNE,PREDANE) VALUES (8,11,20,0);


INSERT INTO DOPLATOK (VYSKA,ID_LIEK,ID_POISTOVNE) VALUES (30,10,4000);
INSERT INTO DOPLATOK (VYSKA,ID_LIEK,ID_POISTOVNE) VALUES (40,5,4000);
INSERT INTO DOPLATOK (VYSKA,ID_LIEK,ID_POISTOVNE) VALUES (50,6,4000);
INSERT INTO DOPLATOK (VYSKA,ID_LIEK,ID_POISTOVNE) VALUES (60,7,4000);
INSERT INTO DOPLATOK (VYSKA,ID_LIEK,ID_POISTOVNE) VALUES (70,8,4000);
INSERT INTO DOPLATOK (VYSKA,ID_LIEK,ID_POISTOVNE) VALUES (80,9,4000);

INSERT INTO DOPLATOK (VYSKA,ID_LIEK,ID_POISTOVNE) VALUES (30,4,4001);
INSERT INTO DOPLATOK (VYSKA,ID_LIEK,ID_POISTOVNE) VALUES (50,5,4001);
INSERT INTO DOPLATOK (VYSKA,ID_LIEK,ID_POISTOVNE) VALUES (60,6,4001);
INSERT INTO DOPLATOK (VYSKA,ID_LIEK,ID_POISTOVNE) VALUES (40,7,4001);
INSERT INTO DOPLATOK (VYSKA,ID_LIEK,ID_POISTOVNE) VALUES (80,8,4001);
INSERT INTO DOPLATOK (VYSKA,ID_LIEK,ID_POISTOVNE) VALUES (180,9,4001);


INSERT INTO DODAVATEL (ID_DODAVATEL,NAZOV) VALUES (10,'Lieky.sk');
INSERT INTO DODAVATEL (ID_DODAVATEL,NAZOV) VALUES (11,'Leky.cz');


INSERT INTO KATALOG_LIEKOV (ID_DODAVATEL,ID_LIEK,CENA) VALUES (10,1,100);
INSERT INTO KATALOG_LIEKOV (ID_DODAVATEL,ID_LIEK,CENA) VALUES (10,2,110);
INSERT INTO KATALOG_LIEKOV (ID_DODAVATEL,ID_LIEK,CENA) VALUES (10,3,120);
INSERT INTO KATALOG_LIEKOV (ID_DODAVATEL,ID_LIEK,CENA) VALUES (10,4,130);
INSERT INTO KATALOG_LIEKOV (ID_DODAVATEL,ID_LIEK,CENA) VALUES (10,5,140);
INSERT INTO KATALOG_LIEKOV (ID_DODAVATEL,ID_LIEK,CENA) VALUES (10,6,150);
INSERT INTO KATALOG_LIEKOV (ID_DODAVATEL,ID_LIEK,CENA) VALUES (10,7,160);
INSERT INTO KATALOG_LIEKOV (ID_DODAVATEL,ID_LIEK,CENA) VALUES (10,8,170);
INSERT INTO KATALOG_LIEKOV (ID_DODAVATEL,ID_LIEK,CENA) VALUES (10,9,180);
INSERT INTO KATALOG_LIEKOV (ID_DODAVATEL,ID_LIEK,CENA) VALUES (10,10,190);
INSERT INTO KATALOG_LIEKOV (ID_DODAVATEL,ID_LIEK,CENA) VALUES (10,11,200);

INSERT INTO KATALOG_LIEKOV (ID_DODAVATEL,ID_LIEK,CENA) VALUES (11,1,100);
INSERT INTO KATALOG_LIEKOV (ID_DODAVATEL,ID_LIEK,CENA) VALUES (11,2,120);
INSERT INTO KATALOG_LIEKOV (ID_DODAVATEL,ID_LIEK,CENA) VALUES (11,3,110);
INSERT INTO KATALOG_LIEKOV (ID_DODAVATEL,ID_LIEK,CENA) VALUES (11,4,140);
INSERT INTO KATALOG_LIEKOV (ID_DODAVATEL,ID_LIEK,CENA) VALUES (11,5,130);
INSERT INTO KATALOG_LIEKOV (ID_DODAVATEL,ID_LIEK,CENA) VALUES (11,6,150);
INSERT INTO KATALOG_LIEKOV (ID_DODAVATEL,ID_LIEK,CENA) VALUES (11,7,170);
INSERT INTO KATALOG_LIEKOV (ID_DODAVATEL,ID_LIEK,CENA) VALUES (11,8,160);
INSERT INTO KATALOG_LIEKOV (ID_DODAVATEL,ID_LIEK,CENA) VALUES (11,9,190);
INSERT INTO KATALOG_LIEKOV (ID_DODAVATEL,ID_LIEK,CENA) VALUES (11,10,200);
INSERT INTO KATALOG_LIEKOV (ID_DODAVATEL,ID_LIEK,CENA) VALUES (11,11,180);


INSERT INTO BEZPREDPISU (ID_LIEK,CENA) VALUES (1,49);
INSERT INTO BEZPREDPISU (ID_LIEK,CENA) VALUES (2,59);
INSERT INTO BEZPREDPISU (ID_LIEK,CENA) VALUES (3,159);
INSERT INTO BEZPREDPISU (ID_LIEK,CENA) VALUES (10,139);
INSERT INTO BEZPREDPISU (ID_LIEK,CENA) VALUES (11,159);

INSERT INTO NAPREDPIS (ID_LIEK,CENA) VALUES (4,99);
INSERT INTO NAPREDPIS (ID_LIEK,CENA) VALUES (5,249);
INSERT INTO NAPREDPIS (ID_LIEK,CENA) VALUES (6,1249);
INSERT INTO NAPREDPIS (ID_LIEK,CENA) VALUES (7,299);
INSERT INTO NAPREDPIS (ID_LIEK,CENA) VALUES (8,594);
INSERT INTO NAPREDPIS (ID_LIEK,CENA) VALUES (9,179);

UPDATE SKLAD SET DOSTUPNE = 0, PREDANE = 20
WHERE ID_POBOCKY = 1 AND ID_LIEK=1;
INSERT INTO REZERVACIA (ID_REZERVACIE,MENO,ID_LIEK,ID_POBOCKY) VALUES (1000,'Jack',1,1);

UPDATE SKLAD SET DOSTUPNE = 0, PREDANE = 20
WHERE ID_POBOCKY = 2 AND ID_LIEK=2;
INSERT INTO REZERVACIA (ID_REZERVACIE,MENO,ID_LIEK,ID_POBOCKY) VALUES (1001,'Ashley',2,1);

UPDATE SKLAD SET DOSTUPNE = 0, PREDANE = 20
WHERE ID_POBOCKY = 3 AND ID_LIEK=3;
INSERT INTO REZERVACIA (ID_REZERVACIE,MENO,ID_LIEK,ID_POBOCKY) VALUES (1002,'Tom',3,5);

UPDATE SKLAD SET DOSTUPNE = 0, PREDANE = 20
WHERE ID_POBOCKY = 4 AND ID_LIEK=4;
INSERT INTO REZERVACIA (ID_REZERVACIE,MENO,ID_LIEK,ID_POBOCKY) VALUES (1003,'Andrew',4,7);

UPDATE SKLAD SET DOSTUPNE = 0, PREDANE = 20
WHERE ID_POBOCKY = 5 AND ID_LIEK=5;
INSERT INTO REZERVACIA (ID_REZERVACIE,MENO,ID_LIEK,ID_POBOCKY) VALUES (1004,'Lucas',5,7);

UPDATE SKLAD SET DOSTUPNE = 0, PREDANE = 20
WHERE ID_POBOCKY = 6 AND ID_LIEK=6;
INSERT INTO REZERVACIA (ID_REZERVACIE,MENO,ID_LIEK,ID_POBOCKY) VALUES (1005,'Ben',6,9);

UPDATE SKLAD SET DOSTUPNE = 0, PREDANE = 20
WHERE ID_POBOCKY = 7 AND ID_LIEK=7;
INSERT INTO REZERVACIA (ID_REZERVACIE,MENO,ID_LIEK,ID_POBOCKY) VALUES (1006,'Kate',7,8);



/*triggre a sekvencie*/
create sequence liek_seq 
start with 1;

create or replace trigger id_add
before insert on liek
for each row
begin
  select liek_seq.NEXTVAL
  into :new.id_liek
  from dual;
end;
/


create sequence rezerv_seq 
start with 1;
/*--increment by 1;*/
  
create or replace trigger rezerv_add
before insert on rezervacia
for each row 
begin
select rezerv_seq.NEXTVAL
into :new.id_rezervacie
from dual;
end;
/

create or replace trigger update_price
after UPDATE OF CENA ON KATALOG_LIEKOV
FOR EACH ROW
BEGIN 
  UPDATE NAPREDPIS SET NAPREDPIS.CENA = :NEW.CENA
  WHERE NAPREDPIS.ID_LIEK = :OLD.ID_LIEK;
  UPDATE BEZPREDPISU SET BEZPREDPISU.CENA = :NEW.CENA
  WHERE BEZPREDPISU.ID_LIEK = :OLD.ID_LIEK;
END;
/


create or replace trigger cena_add
after insert on katalog_liekov
for each row
declare 
  idliek int;
  x int;
  cnt1 int;
  cnt2 int;
begin 
  select id_liek into idliek 
  from liek 
  where liek.id_liek = :new.id_liek;
  
  select predpis into x
  from liek 
  where liek.id_liek = :new.id_liek;    
  
  
  select count(*) into cnt1 
    from napredpis 
    where napredpis.id_liek = idliek;
    
  select count(*) into cnt2
    from bezpredpisu 
    where bezpredpisu.id_liek = idliek;   
if x > 0 then 
  if cnt1 = 0  then
    insert into napredpis (id_liek, cena) values ( idliek, :new.cena);
  end if;
else
  if cnt2 = 0  then
    insert into bezpredpisu (id_liek, cena) values ( idliek, :new.cena); 
  end if;
end if;
end;
/
/******************************************************************************/
/********************************* procedury **********************************/
/******************************************************************************/
SET serveroutput ON;
create or replace procedure spln_rezerv (id_rez in integer, id_pob in integer) is 
cursor kurzor is select * from sklad;
riadok kurzor%ROWTYPE;
no_liek exception;
no_rezerv exception;
r_cnt INTEGER;
idliek integer;
nliek VARCHAR2(40);
begin
select count(*) into r_cnt from rezervacia where id_rez = rezervacia.id_rezervacie;
if r_cnt = 0 then raise no_rezerv; end if;
select id_liek into idliek from rezervacia where id_rez = rezervacia.id_rezervacie;
select nazov into nliek from rezervacia natural join liek where id_rez = rezervacia.id_rezervacie;
open kurzor;
 loop
    fetch kurzor into riadok;
    exit when idliek = riadok.id_LIEK and riadok.id_pobocky = ID_POB;
    if kurzor%notfound then raise no_liek;
    end if;
    exit when kurzor%NOTFOUND;
  end loop;
  
if riadok.dostupne = 0 then raise no_liek; end if;
dbms_output.put_line(nliek);

update sklad set DOSTUPNE = dostupne - 1, PREDANE = predane + 1 where idliek = id_liek;

close kurzor;
exception
    WHEN no_liek THEN
      dbms_output.put_line('nie je na sklade');
    
    when no_rezerv then  
      dbms_output.put_line('nie je rezervacia');
end;
/
select * from sklad where id_liek = 1 and id_pobocky = 1;
exec spln_rezerv(1,1);
select * from sklad where id_liek = 1 and id_pobocky = 1;


CREATE OR REPLACE PROCEDURE zisky (idpobocky in number) AS
cursor kurzor is select * from sklad natural join(select * from napredpis union all select * from bezpredpisu);
riadok kurzor%ROWTYPE;
trzba NUMBER;
trzba_total NUMBER;
BEGIN
  trzba := 0;
  trzba_total := 0;
  open kurzor;
  loop
    fetch kurzor into riadok;
    if riadok.id_pobocky = idpobocky THEN
      trzba := trzba + riadok.predane * riadok.cena;
    END IF;
    trzba_total := trzba_total + riadok.predane * riadok.cena;
    exit when kurzor%NOTFOUND;
  end loop;
  DBMS_OUTPUT.PUT_LINE ('Podiel trzby na pobocke '||idpobocky||': '||ROUND(trzba/trzba_total*100,2)||'% voci ostatnym pobockam.');
  close kurzor;
  
  EXCEPTION
    WHEN ZERO_DIVIDE THEN
      dbms_output.put_line('Ziadne lieky neboli predane');
    WHEN OTHERS THEN
      Raise_Application_Error (-42, 'ERROR in procedure zisky');
END;
/

exec zisky(1);
/******************************************************************************/
/************************************* index **********************************/
/******************************************************************************/
/*--explain plan*/
explain plan for
select nazov,count(id_pobocky) from liek natural join sklad group by nazov;
select * from table(dbms_xplan.display);

/*--vytvorenie indexu*/
create index idx on liek(id_liek,nazov);
/*--explain plan po indexe*/
explain plan for
select nazov,count(id_pobocky) from liek natural join sklad group by nazov;
select * from table(dbms_xplan.display);

/*--navrh dalsieho zjednodusenia
--create index idx2 on sklad(id_liek,id_pobocky);
--explain plan for
--select nazov,count(id_pobocky) from liek natural join sklad group by nazov;
--select * from table(dbms_xplan.display);
--drop index idx2;*/
drop index idx;

/* pridanie pristupovych prav */
GRANT ALL ON liek TO xslavk01;
GRANT ALL ON dodavatel TO xslavk01;
GRANT ALL ON doplatok TO xslavk01;
GRANT ALL ON katalog_liekov TO xslavk01;
GRANT ALL ON pobocka TO xslavk01;
GRANT ALL ON poistovna TO xslavk01;
GRANT ALL ON rezervacia TO xslavk01;
GRANT ALL ON sklad TO xslavk01;

GRANT EXECUTE ON spln_rezerv TO xslavk01;
GRANT EXECUTE ON zisky TO xslavk01;

DROP MATERIALIZED VIEW Lieky_v_Brne;
/* pridanie pohladu */
CREATE MATERIALIZED VIEW Lieky_v_Brne
AS
SELECT nazov as "Nazov lieku", dostupne as "Pocet dostupnych" FROM liek natural join sklad natural join pobocka where mesto='Karlovy Vary';
GRANT ALL ON Lieky_v_Brne TO xslavk01;

SELECT * from Lieky_v_Brne;
SELECT nazov, dostupne FROM liek natural join sklad natural join pobocka where mesto='Karlovy Vary';

